name,enrollment_months,first_month,last_month,bool
student1,1.0,11.0,11.0,pos
student10,2.0,1.0,2.0,neg
student100,1.0,8.0,8.0,pos
student1000,2.0,5.0,9.0,pos
student101,2.0,1.0,7.0,neg
student102,1.0,3.0,3.0,pos
student103,1.0,3.0,3.0,neg
student104,2.0,2.0,4.0,pos
student105,,,,pos
student106,1.0,12.0,12.0,pos
student107,2.0,2.0,8.0,neg
student108,1.0,7.0,7.0,pos
student109,2.0,6.0,11.0,pos
student11,1.0,4.0,4.0,pos
student110,1.0,3.0,3.0,neg
student111,2.0,3.0,4.0,neg
student112,1.0,10.0,10.0,pos
student113,,,,neg
student114,1.0,4.0,4.0,pos
student115,1.0,8.0,8.0,neg
student116,1.0,11.0,11.0,neg
student117,1.0,7.0,7.0,pos
student118,1.0,5.0,5.0,pos
student119,1.0,6.0,6.0,pos
student12,1.0,12.0,12.0,pos
student120,2.0,2.0,3.0,pos
student121,,,,pos
student122,2.0,1.0,6.0,pos
student123,1.0,2.0,2.0,neg
student124,,,,neg
student125,1.0,2.0,2.0,pos
student126,1.0,10.0,10.0,pos
student127,1.0,7.0,7.0,pos
student128,1.0,13.0,13.0,pos
student129,1.0,9.0,9.0,pos
student13,1.0,5.0,5.0,pos
student130,2.0,2.0,11.0,pos
student131,2.0,2.0,5.0,neg
student132,,,,neg
student133,1.0,13.0,13.0,pos
student134,1.0,8.0,8.0,pos
student135,1.0,12.0,12.0,pos
student136,1.0,6.0,6.0,pos
student137,1.0,5.0,5.0,neg
student138,1.0,9.0,9.0,pos
student139,1.0,10.0,10.0,pos
student14,1.0,2.0,2.0,neg
student140,1.0,12.0,12.0,pos
student141,1.0,8.0,8.0,neg
student142,2.0,4.0,8.0,pos
student143,1.0,9.0,9.0,pos
student144,1.0,5.0,5.0,neg
student145,1.0,5.0,5.0,pos
student146,1.0,8.0,8.0,neg
student147,2.0,2.0,4.0,pos
student148,1.0,10.0,10.0,pos
student149,1.0,10.0,10.0,neg
student15,1.0,7.0,7.0,pos
student150,2.0,3.0,11.0,pos
student151,1.0,10.0,10.0,pos
student152,1.0,12.0,12.0,pos
student153,1.0,3.0,3.0,pos
student154,2.0,1.0,7.0,pos
student155,1.0,8.0,8.0,pos
student156,1.0,3.0,3.0,pos
student157,1.0,8.0,8.0,pos
student158,1.0,10.0,10.0,pos
student159,1.0,4.0,4.0,pos
student16,1.0,2.0,2.0,neg
student160,1.0,4.0,4.0,neg
student161,2.0,1.0,2.0,neg
student162,2.0,2.0,5.0,pos
student163,1.0,14.0,14.0,pos
student164,1.0,12.0,12.0,pos
student165,1.0,10.0,10.0,pos
student166,,,,neg
student167,1.0,10.0,10.0,pos
student168,1.0,3.0,3.0,pos
student169,2.0,2.0,4.0,pos
student17,2.0,1.0,9.0,pos
student170,1.0,10.0,10.0,pos
student171,1.0,12.0,12.0,pos
student172,1.0,9.0,9.0,pos
student173,1.0,11.0,11.0,pos
student174,1.0,13.0,13.0,pos
student175,1.0,15.0,15.0,pos
student176,1.0,9.0,9.0,neg
student177,1.0,4.0,4.0,neg
student178,1.0,12.0,12.0,pos
student179,2.0,5.0,5.0,pos
student18,2.0,4.0,5.0,neg
student180,1.0,3.0,3.0,neg
student181,1.0,11.0,11.0,pos
student182,1.0,3.0,3.0,neg
student183,1.0,10.0,10.0,pos
student184,1.0,6.0,6.0,pos
student185,1.0,7.0,7.0,neg
student186,2.0,2.0,3.0,neg
student187,1.0,4.0,4.0,neg
student188,1.0,9.0,9.0,neg
student189,2.0,3.0,3.0,pos
student19,1.0,9.0,9.0,pos
student190,1.0,3.0,3.0,neg
student191,1.0,2.0,2.0,pos
student192,1.0,3.0,3.0,neg
student193,2.0,6.0,12.0,pos
student194,1.0,3.0,3.0,pos
student195,1.0,11.0,11.0,pos
student196,1.0,10.0,10.0,pos
student197,1.0,6.0,6.0,pos
student198,1.0,6.0,6.0,pos
student199,1.0,10.0,10.0,pos
student2,1.0,11.0,11.0,pos
student20,2.0,2.0,3.0,neg
student200,1.0,10.0,10.0,neg
student201,1.0,2.0,2.0,neg
student202,1.0,4.0,4.0,neg
student203,1.0,11.0,11.0,pos
student204,1.0,3.0,3.0,pos
student205,,,,neg
student206,1.0,4.0,4.0,neg
student207,1.0,11.0,11.0,pos
student208,1.0,14.0,14.0,pos
student209,1.0,12.0,12.0,pos
student21,2.0,3.0,9.0,pos
student210,1.0,14.0,14.0,pos
student211,1.0,15.0,15.0,pos
student212,1.0,4.0,4.0,neg
student213,2.0,5.0,12.0,pos
student214,2.0,5.0,15.0,pos
student215,1.0,3.0,3.0,neg
student216,1.0,6.0,6.0,pos
student217,1.0,10.0,10.0,pos
student218,2.0,3.0,4.0,neg
student219,1.0,8.0,8.0,pos
student22,1.0,5.0,5.0,pos
student220,1.0,6.0,6.0,pos
student221,2.0,4.0,4.0,neg
student222,1.0,15.0,15.0,pos
student223,1.0,7.0,7.0,neg
student224,1.0,8.0,8.0,pos
student225,2.0,4.0,8.0,pos
student226,1.0,9.0,9.0,pos
student227,2.0,6.0,14.0,pos
student228,1.0,12.0,12.0,pos
student229,1.0,15.0,15.0,pos
student23,1.0,12.0,12.0,pos
student230,1.0,11.0,11.0,neg
student231,1.0,11.0,11.0,pos
student232,2.0,6.0,10.0,pos
student233,2.0,2.0,8.0,pos
student234,1.0,8.0,8.0,pos
student235,1.0,7.0,7.0,pos
student236,1.0,3.0,3.0,neg
student237,1.0,8.0,8.0,pos
student238,1.0,7.0,7.0,pos
student239,1.0,8.0,8.0,neg
student24,1.0,10.0,10.0,pos
student240,2.0,2.0,5.0,neg
student241,2.0,3.0,12.0,pos
student242,2.0,3.0,9.0,pos
student243,1.0,8.0,8.0,neg
student244,1.0,8.0,8.0,pos
student245,2.0,1.0,2.0,neg
student246,1.0,6.0,6.0,pos
student247,1.0,4.0,4.0,pos
student248,1.0,2.0,2.0,pos
student249,1.0,10.0,10.0,neg
student25,1.0,10.0,10.0,neg
student250,2.0,5.0,10.0,pos
student251,,,,neg
student252,1.0,4.0,4.0,neg
student253,2.0,1.0,3.0,pos
student254,1.0,8.0,8.0,neg
student255,2.0,1.0,8.0,pos
student256,1.0,5.0,5.0,neg
student257,1.0,12.0,12.0,pos
student258,1.0,1.0,1.0,neg
student259,,,,neg
student26,1.0,5.0,5.0,pos
student260,1.0,7.0,7.0,pos
student261,1.0,8.0,8.0,pos
student262,1.0,3.0,3.0,pos
student263,2.0,2.0,9.0,pos
student264,1.0,9.0,9.0,neg
student265,1.0,4.0,4.0,neg
student266,1.0,5.0,5.0,neg
student267,2.0,2.0,9.0,pos
student268,2.0,2.0,4.0,neg
student269,1.0,1.0,1.0,pos
student27,1.0,1.0,1.0,neg
student270,1.0,10.0,10.0,pos
student271,2.0,5.0,12.0,pos
student272,1.0,7.0,7.0,pos
student273,1.0,10.0,10.0,pos
student274,1.0,8.0,8.0,pos
student275,2.0,3.0,6.0,pos
student276,1.0,4.0,4.0,neg
student277,1.0,4.0,4.0,neg
student278,1.0,2.0,2.0,neg
student279,2.0,5.0,6.0,pos
student28,2.0,3.0,11.0,pos
student280,1.0,11.0,11.0,pos
student281,1.0,5.0,5.0,pos
student282,1.0,4.0,4.0,pos
student283,1.0,10.0,10.0,pos
student284,1.0,10.0,10.0,pos
student285,1.0,4.0,4.0,pos
student286,1.0,9.0,9.0,pos
student287,1.0,1.0,1.0,neg
student288,1.0,11.0,11.0,pos
student289,2.0,1.0,7.0,neg
student29,1.0,4.0,4.0,neg
student290,2.0,3.0,9.0,neg
student291,,,,pos
student292,1.0,1.0,1.0,neg
student293,1.0,12.0,12.0,pos
student294,1.0,10.0,10.0,pos
student295,1.0,7.0,7.0,pos
student296,1.0,9.0,9.0,pos
student297,1.0,1.0,1.0,pos
student298,2.0,3.0,10.0,neg
student299,2.0,3.0,9.0,neg
student3,1.0,1.0,1.0,neg
student30,1.0,7.0,7.0,pos
student300,1.0,3.0,3.0,pos
student301,2.0,2.0,4.0,pos
student302,1.0,4.0,4.0,pos
student303,1.0,9.0,9.0,neg
student304,1.0,7.0,7.0,pos
student305,1.0,10.0,10.0,pos
student306,1.0,10.0,10.0,pos
student307,1.0,8.0,8.0,neg
student308,2.0,5.0,9.0,pos
student309,2.0,3.0,12.0,pos
student31,2.0,4.0,11.0,pos
student310,1.0,3.0,3.0,neg
student311,1.0,4.0,4.0,neg
student312,1.0,5.0,5.0,neg
student313,,,,pos
student314,2.0,5.0,9.0,pos
student315,1.0,14.0,14.0,pos
student316,2.0,6.0,10.0,pos
student317,1.0,1.0,1.0,pos
student318,1.0,4.0,4.0,pos
student319,1.0,1.0,1.0,neg
student32,2.0,5.0,12.0,pos
student320,1.0,4.0,4.0,neg
student321,,,,neg
student322,1.0,8.0,8.0,pos
student323,1.0,9.0,9.0,pos
student324,1.0,4.0,4.0,pos
student325,1.0,3.0,3.0,neg
student326,1.0,5.0,5.0,neg
student327,1.0,2.0,2.0,neg
student328,1.0,9.0,9.0,pos
student329,1.0,3.0,3.0,pos
student33,1.0,11.0,11.0,pos
student330,1.0,8.0,8.0,pos
student331,1.0,11.0,11.0,pos
student332,1.0,1.0,1.0,neg
student333,1.0,12.0,12.0,pos
student334,1.0,7.0,7.0,pos
student335,1.0,2.0,2.0,neg
student336,1.0,12.0,12.0,pos
student337,1.0,4.0,4.0,pos
student338,1.0,7.0,7.0,pos
student339,2.0,3.0,10.0,pos
student34,1.0,8.0,8.0,neg
student340,1.0,12.0,12.0,pos
student341,1.0,2.0,2.0,neg
student342,1.0,12.0,12.0,pos
student343,2.0,3.0,4.0,neg
student344,1.0,10.0,10.0,neg
student345,1.0,5.0,5.0,neg
student346,1.0,12.0,12.0,pos
student347,1.0,12.0,12.0,pos
student348,2.0,4.0,5.0,neg
student349,1.0,3.0,3.0,pos
student35,2.0,3.0,4.0,neg
student350,2.0,3.0,4.0,pos
student351,1.0,9.0,9.0,pos
student352,1.0,10.0,10.0,pos
student353,1.0,2.0,2.0,neg
student354,1.0,13.0,13.0,pos
student355,,,,neg
student356,1.0,3.0,3.0,neg
student357,1.0,9.0,9.0,neg
student358,1.0,4.0,4.0,neg
student359,2.0,1.0,12.0,pos
student36,1.0,11.0,11.0,neg
student360,1.0,11.0,11.0,neg
student361,1.0,5.0,5.0,pos
student362,1.0,4.0,4.0,neg
student363,2.0,2.0,7.0,neg
student364,1.0,3.0,3.0,pos
student365,1.0,5.0,5.0,neg
student366,1.0,5.0,5.0,neg
student367,2.0,1.0,2.0,pos
student368,1.0,4.0,4.0,pos
student369,2.0,2.0,12.0,pos
student37,1.0,9.0,9.0,pos
student370,2.0,4.0,8.0,pos
student371,1.0,10.0,10.0,pos
student372,1.0,1.0,1.0,pos
student373,1.0,9.0,9.0,pos
student374,2.0,2.0,7.0,neg
student375,1.0,7.0,7.0,neg
student376,1.0,6.0,6.0,pos
student377,1.0,2.0,2.0,pos
student378,1.0,11.0,11.0,pos
student379,2.0,1.0,3.0,neg
student38,1.0,11.0,11.0,neg
student380,1.0,11.0,11.0,pos
student381,1.0,10.0,10.0,neg
student382,2.0,1.0,4.0,pos
student383,1.0,5.0,5.0,neg
student384,1.0,12.0,12.0,pos
student385,2.0,5.0,6.0,pos
student386,1.0,9.0,9.0,pos
student387,1.0,3.0,3.0,neg
student388,1.0,8.0,8.0,pos
student389,1.0,6.0,6.0,pos
student39,1.0,6.0,6.0,pos
student390,1.0,4.0,4.0,neg
student391,2.0,4.0,6.0,pos
student392,1.0,8.0,8.0,neg
student393,1.0,9.0,9.0,neg
student394,1.0,4.0,4.0,neg
student395,1.0,10.0,10.0,pos
student396,2.0,1.0,7.0,pos
student397,1.0,8.0,8.0,pos
student398,1.0,11.0,11.0,neg
student399,2.0,1.0,8.0,pos
student4,1.0,6.0,6.0,pos
student40,1.0,11.0,11.0,pos
student400,1.0,7.0,7.0,pos
student401,1.0,15.0,15.0,pos
student402,1.0,11.0,11.0,neg
student403,2.0,6.0,7.0,pos
student404,1.0,9.0,9.0,pos
student405,1.0,11.0,11.0,pos
student406,1.0,4.0,4.0,pos
student407,1.0,12.0,12.0,pos
student408,1.0,6.0,6.0,neg
student409,1.0,4.0,4.0,pos
student41,2.0,2.0,3.0,pos
student410,1.0,9.0,9.0,pos
student411,2.0,3.0,12.0,pos
student412,1.0,1.0,1.0,pos
student413,2.0,3.0,4.0,neg
student414,1.0,9.0,9.0,pos
student415,2.0,1.0,5.0,pos
student416,1.0,9.0,9.0,pos
student417,1.0,10.0,10.0,pos
student418,1.0,5.0,5.0,neg
student419,1.0,5.0,5.0,neg
student42,1.0,15.0,15.0,pos
student420,1.0,6.0,6.0,pos
student421,2.0,3.0,6.0,pos
student422,1.0,12.0,12.0,pos
student423,1.0,10.0,10.0,pos
student424,1.0,7.0,7.0,neg
student425,1.0,11.0,11.0,pos
student426,1.0,2.0,2.0,neg
student427,1.0,5.0,5.0,neg
student428,1.0,6.0,6.0,pos
student429,1.0,12.0,12.0,pos
student43,2.0,3.0,10.0,pos
student430,1.0,9.0,9.0,pos
student431,,,,pos
student432,1.0,9.0,9.0,pos
student433,1.0,4.0,4.0,pos
student434,,,,neg
student435,1.0,6.0,6.0,neg
student436,1.0,7.0,7.0,pos
student437,1.0,2.0,2.0,neg
student438,1.0,8.0,8.0,pos
student439,1.0,10.0,10.0,pos
student44,2.0,1.0,1.0,neg
student440,2.0,6.0,9.0,pos
student441,2.0,1.0,12.0,pos
student442,1.0,7.0,7.0,pos
student443,,,,pos
student444,1.0,7.0,7.0,pos
student445,1.0,6.0,6.0,neg
student446,1.0,10.0,10.0,pos
student447,1.0,7.0,7.0,pos
student448,1.0,9.0,9.0,pos
student449,1.0,5.0,5.0,neg
student45,1.0,10.0,10.0,pos
student450,2.0,1.0,5.0,pos
student451,1.0,8.0,8.0,neg
student452,1.0,3.0,3.0,pos
student453,1.0,7.0,7.0,neg
student454,1.0,3.0,3.0,neg
student455,1.0,4.0,4.0,neg
student456,1.0,4.0,4.0,neg
student457,2.0,3.0,8.0,neg
student458,1.0,3.0,3.0,pos
student459,1.0,12.0,12.0,pos
student46,1.0,10.0,10.0,pos
student460,1.0,1.0,1.0,neg
student461,1.0,5.0,5.0,neg
student462,1.0,4.0,4.0,neg
student463,2.0,1.0,3.0,neg
student464,,,,neg
student465,1.0,12.0,12.0,pos
student466,1.0,5.0,5.0,neg
student467,1.0,3.0,3.0,pos
student468,1.0,14.0,14.0,pos
student469,1.0,1.0,1.0,neg
student47,2.0,2.0,3.0,neg
student470,2.0,1.0,6.0,pos
student471,1.0,5.0,5.0,neg
student472,2.0,2.0,6.0,pos
student473,1.0,8.0,8.0,pos
student474,1.0,3.0,3.0,pos
student475,1.0,9.0,9.0,pos
student476,1.0,10.0,10.0,pos
student477,1.0,5.0,5.0,pos
student478,1.0,5.0,5.0,neg
student479,1.0,12.0,12.0,pos
student48,1.0,1.0,1.0,pos
student480,1.0,6.0,6.0,pos
student481,2.0,2.0,3.0,pos
student482,1.0,7.0,7.0,neg
student483,1.0,3.0,3.0,neg
student484,1.0,9.0,9.0,neg
student485,1.0,5.0,5.0,pos
student486,2.0,4.0,14.0,pos
student487,2.0,3.0,4.0,neg
student488,1.0,13.0,13.0,pos
student489,,,,neg
student49,1.0,11.0,11.0,pos
student490,1.0,10.0,10.0,pos
student491,1.0,9.0,9.0,pos
student492,1.0,12.0,12.0,pos
student493,1.0,3.0,3.0,pos
student494,1.0,4.0,4.0,pos
student495,1.0,1.0,1.0,pos
student496,,,,pos
student497,2.0,4.0,9.0,pos
student498,2.0,4.0,10.0,pos
student499,1.0,1.0,1.0,neg
student5,1.0,5.0,5.0,neg
student50,1.0,11.0,11.0,pos
student500,2.0,4.0,8.0,pos
student501,2.0,4.0,7.0,neg
student502,2.0,3.0,6.0,pos
student503,1.0,8.0,8.0,pos
student504,1.0,2.0,2.0,pos
student505,2.0,2.0,5.0,pos
student506,1.0,4.0,4.0,neg
student507,1.0,1.0,1.0,neg
student508,1.0,11.0,11.0,pos
student509,1.0,6.0,6.0,neg
student51,1.0,5.0,5.0,pos
student510,1.0,10.0,10.0,neg
student511,1.0,12.0,12.0,pos
student512,1.0,5.0,5.0,pos
student513,2.0,2.0,4.0,neg
student514,2.0,2.0,10.0,neg
student515,1.0,9.0,9.0,pos
student516,1.0,9.0,9.0,neg
student517,1.0,12.0,12.0,pos
student518,2.0,4.0,7.0,neg
student519,1.0,13.0,13.0,pos
student52,2.0,3.0,12.0,pos
student520,1.0,3.0,3.0,neg
student521,1.0,2.0,2.0,neg
student522,1.0,3.0,3.0,pos
student523,2.0,2.0,2.0,pos
student524,,,,neg
student525,2.0,3.0,10.0,neg
student526,1.0,4.0,4.0,pos
student527,1.0,1.0,1.0,pos
student528,2.0,3.0,9.0,neg
student529,1.0,8.0,8.0,pos
student53,1.0,2.0,2.0,neg
student530,2.0,6.0,9.0,pos
student531,1.0,11.0,11.0,pos
student532,2.0,1.0,6.0,neg
student533,2.0,4.0,6.0,pos
student534,1.0,7.0,7.0,pos
student535,2.0,2.0,4.0,neg
student536,1.0,10.0,10.0,pos
student537,1.0,7.0,7.0,neg
student538,2.0,6.0,6.0,pos
student539,1.0,12.0,12.0,pos
student54,1.0,3.0,3.0,neg
student540,1.0,8.0,8.0,neg
student541,1.0,11.0,11.0,pos
student542,1.0,4.0,4.0,neg
student543,1.0,4.0,4.0,neg
student544,1.0,6.0,6.0,pos
student545,1.0,7.0,7.0,neg
student546,1.0,1.0,1.0,pos
student547,1.0,6.0,6.0,pos
student548,1.0,2.0,2.0,neg
student549,1.0,6.0,6.0,neg
student55,1.0,10.0,10.0,neg
student550,1.0,12.0,12.0,pos
student551,2.0,4.0,6.0,neg
student552,2.0,1.0,8.0,neg
student553,1.0,14.0,14.0,pos
student554,1.0,12.0,12.0,pos
student555,2.0,4.0,12.0,pos
student556,1.0,11.0,11.0,pos
student557,1.0,3.0,3.0,neg
student558,,,,neg
student559,1.0,3.0,3.0,pos
student56,,,,neg
student560,1.0,8.0,8.0,pos
student561,1.0,5.0,5.0,neg
student562,,,,pos
student563,1.0,10.0,10.0,neg
student564,2.0,1.0,1.0,neg
student565,1.0,1.0,1.0,pos
student566,1.0,3.0,3.0,neg
student567,1.0,10.0,10.0,pos
student568,1.0,5.0,5.0,pos
student569,1.0,6.0,6.0,pos
student57,1.0,4.0,4.0,pos
student570,1.0,10.0,10.0,pos
student571,2.0,2.0,2.0,neg
student572,1.0,11.0,11.0,pos
student573,1.0,12.0,12.0,pos
student574,2.0,3.0,6.0,neg
student575,1.0,11.0,11.0,pos
student576,2.0,1.0,12.0,pos
student577,1.0,11.0,11.0,neg
student578,2.0,4.0,7.0,pos
student579,1.0,12.0,12.0,pos
student58,1.0,4.0,4.0,neg
student580,1.0,9.0,9.0,pos
student581,1.0,8.0,8.0,pos
student582,1.0,10.0,10.0,neg
student583,2.0,1.0,10.0,pos
student584,2.0,3.0,6.0,pos
student585,1.0,14.0,14.0,pos
student586,1.0,1.0,1.0,neg
student587,1.0,11.0,11.0,pos
student588,1.0,10.0,10.0,pos
student589,1.0,4.0,4.0,pos
student59,2.0,6.0,15.0,pos
student590,2.0,4.0,9.0,pos
student591,1.0,11.0,11.0,pos
student592,1.0,10.0,10.0,pos
student593,1.0,1.0,1.0,pos
student594,1.0,9.0,9.0,pos
student595,2.0,4.0,9.0,pos
student596,1.0,10.0,10.0,pos
student597,1.0,9.0,9.0,neg
student598,2.0,5.0,11.0,pos
student599,1.0,15.0,15.0,pos
student6,2.0,3.0,12.0,pos
student60,2.0,3.0,9.0,neg
student600,1.0,12.0,12.0,pos
student601,1.0,4.0,4.0,pos
student602,2.0,3.0,4.0,pos
student603,,,,pos
student604,2.0,4.0,4.0,neg
student605,2.0,1.0,4.0,pos
student606,2.0,6.0,6.0,pos
student607,1.0,9.0,9.0,pos
student608,1.0,12.0,12.0,pos
student609,2.0,3.0,6.0,pos
student61,1.0,8.0,8.0,neg
student610,1.0,9.0,9.0,pos
student611,1.0,1.0,1.0,pos
student612,2.0,1.0,7.0,pos
student613,1.0,8.0,8.0,pos
student614,1.0,12.0,12.0,pos
student615,2.0,3.0,3.0,pos
student616,1.0,10.0,10.0,pos
student617,1.0,9.0,9.0,pos
student618,1.0,5.0,5.0,neg
student619,2.0,6.0,12.0,pos
student62,2.0,3.0,6.0,pos
student620,1.0,13.0,13.0,pos
student621,1.0,8.0,8.0,pos
student622,1.0,3.0,3.0,neg
student623,2.0,3.0,3.0,neg
student624,2.0,3.0,6.0,pos
student625,1.0,11.0,11.0,pos
student626,1.0,14.0,14.0,pos
student627,1.0,9.0,9.0,pos
student628,1.0,1.0,1.0,pos
student629,2.0,1.0,12.0,pos
student63,1.0,8.0,8.0,pos
student630,1.0,1.0,1.0,neg
student631,1.0,8.0,8.0,pos
student632,1.0,13.0,13.0,pos
student633,1.0,2.0,2.0,neg
student634,1.0,12.0,12.0,pos
student635,1.0,15.0,15.0,pos
student636,1.0,1.0,1.0,neg
student637,1.0,5.0,5.0,neg
student638,1.0,12.0,12.0,pos
student639,1.0,8.0,8.0,neg
student64,2.0,4.0,4.0,pos
student640,1.0,7.0,7.0,neg
student641,1.0,9.0,9.0,pos
student642,1.0,9.0,9.0,pos
student643,1.0,4.0,4.0,neg
student644,1.0,5.0,5.0,neg
student645,1.0,5.0,5.0,pos
student646,1.0,10.0,10.0,pos
student647,1.0,12.0,12.0,pos
student648,1.0,5.0,5.0,neg
student649,1.0,6.0,6.0,pos
student65,,,,pos
student650,2.0,3.0,5.0,pos
student651,1.0,11.0,11.0,pos
student652,1.0,5.0,5.0,pos
student653,1.0,6.0,6.0,neg
student654,,,,neg
student655,1.0,11.0,11.0,pos
student656,1.0,9.0,9.0,pos
student657,1.0,3.0,3.0,neg
student658,2.0,3.0,6.0,pos
student659,1.0,1.0,1.0,pos
student66,1.0,10.0,10.0,pos
student660,1.0,5.0,5.0,pos
student661,1.0,4.0,4.0,pos
student662,1.0,3.0,3.0,pos
student663,1.0,5.0,5.0,pos
student664,,,,pos
student665,1.0,12.0,12.0,pos
student666,1.0,8.0,8.0,pos
student667,1.0,10.0,10.0,pos
student668,1.0,7.0,7.0,pos
student669,1.0,4.0,4.0,neg
student67,1.0,2.0,2.0,neg
student670,2.0,3.0,9.0,pos
student671,1.0,4.0,4.0,neg
student672,1.0,7.0,7.0,pos
student673,1.0,7.0,7.0,pos
student674,1.0,10.0,10.0,pos
student675,2.0,2.0,3.0,neg
student676,1.0,3.0,3.0,pos
student677,1.0,10.0,10.0,pos
student678,2.0,1.0,6.0,pos
student679,1.0,8.0,8.0,pos
student68,2.0,1.0,10.0,pos
student680,2.0,1.0,1.0,pos
student681,1.0,5.0,5.0,neg
student682,2.0,5.0,10.0,pos
student683,1.0,10.0,10.0,neg
student684,1.0,9.0,9.0,pos
student685,1.0,9.0,9.0,neg
student686,1.0,7.0,7.0,pos
student687,,,,neg
student688,1.0,8.0,8.0,pos
student689,1.0,14.0,14.0,pos
student69,2.0,2.0,3.0,pos
student690,2.0,1.0,11.0,pos
student691,1.0,9.0,9.0,neg
student692,1.0,9.0,9.0,neg
student693,1.0,2.0,2.0,neg
student694,1.0,3.0,3.0,neg
student695,1.0,2.0,2.0,neg
student696,1.0,11.0,11.0,pos
student697,1.0,1.0,1.0,pos
student698,2.0,6.0,14.0,pos
student699,1.0,2.0,2.0,pos
student7,,,,pos
student70,1.0,8.0,8.0,pos
student700,1.0,15.0,15.0,pos
student701,1.0,11.0,11.0,pos
student702,2.0,4.0,9.0,pos
student703,1.0,10.0,10.0,neg
student704,1.0,3.0,3.0,neg
student705,1.0,12.0,12.0,pos
student706,1.0,8.0,8.0,neg
student707,1.0,8.0,8.0,neg
student708,1.0,6.0,6.0,neg
student709,1.0,12.0,12.0,pos
student71,1.0,7.0,7.0,neg
student710,2.0,5.0,10.0,pos
student711,1.0,11.0,11.0,neg
student712,1.0,5.0,5.0,pos
student713,1.0,5.0,5.0,neg
student714,1.0,2.0,2.0,pos
student715,1.0,1.0,1.0,neg
student716,1.0,10.0,10.0,neg
student717,1.0,12.0,12.0,pos
student718,1.0,9.0,9.0,neg
student719,1.0,10.0,10.0,pos
student72,1.0,14.0,14.0,pos
student720,1.0,2.0,2.0,neg
student721,1.0,10.0,10.0,pos
student722,2.0,2.0,3.0,neg
student723,2.0,1.0,12.0,pos
student724,1.0,7.0,7.0,pos
student725,1.0,4.0,4.0,neg
student726,2.0,2.0,3.0,neg
student727,1.0,15.0,15.0,pos
student728,,,,neg
student729,1.0,10.0,10.0,pos
student73,1.0,10.0,10.0,pos
student730,1.0,9.0,9.0,neg
student731,1.0,2.0,2.0,neg
student732,1.0,11.0,11.0,pos
student733,1.0,4.0,4.0,pos
student734,1.0,4.0,4.0,pos
student735,2.0,6.0,11.0,pos
student736,1.0,1.0,1.0,neg
student737,2.0,1.0,10.0,neg
student738,2.0,5.0,12.0,pos
student739,1.0,10.0,10.0,pos
student74,1.0,3.0,3.0,neg
student740,2.0,2.0,10.0,pos
student741,1.0,6.0,6.0,pos
student742,1.0,9.0,9.0,pos
student743,1.0,11.0,11.0,pos
student744,2.0,4.0,7.0,pos
student745,1.0,10.0,10.0,pos
student746,1.0,6.0,6.0,pos
student747,1.0,2.0,2.0,pos
student748,1.0,6.0,6.0,pos
student749,1.0,6.0,6.0,pos
student75,2.0,4.0,8.0,pos
student750,1.0,7.0,7.0,pos
student751,1.0,8.0,8.0,pos
student752,1.0,1.0,1.0,neg
student753,2.0,3.0,15.0,pos
student754,,,,pos
student755,1.0,7.0,7.0,neg
student756,1.0,2.0,2.0,neg
student757,1.0,11.0,11.0,pos
student758,1.0,2.0,2.0,pos
student759,1.0,11.0,11.0,neg
student76,1.0,1.0,1.0,neg
student760,1.0,2.0,2.0,pos
student761,1.0,13.0,13.0,pos
student762,1.0,12.0,12.0,pos
student763,1.0,5.0,5.0,neg
student764,1.0,9.0,9.0,pos
student765,1.0,11.0,11.0,pos
student766,1.0,3.0,3.0,neg
student767,1.0,1.0,1.0,neg
student768,1.0,11.0,11.0,pos
student769,2.0,5.0,10.0,pos
student77,1.0,9.0,9.0,pos
student770,1.0,6.0,6.0,pos
student771,,,,neg
student772,1.0,4.0,4.0,neg
student773,2.0,5.0,9.0,pos
student774,1.0,11.0,11.0,pos
student775,1.0,6.0,6.0,pos
student776,1.0,9.0,9.0,pos
student777,2.0,2.0,4.0,neg
student778,2.0,1.0,12.0,pos
student779,1.0,7.0,7.0,pos
student78,2.0,1.0,2.0,neg
student780,1.0,1.0,1.0,pos
student781,1.0,7.0,7.0,pos
student782,1.0,5.0,5.0,neg
student783,1.0,9.0,9.0,pos
student784,1.0,1.0,1.0,neg
student785,2.0,4.0,9.0,pos
student786,1.0,1.0,1.0,neg
student787,2.0,2.0,8.0,pos
student788,1.0,11.0,11.0,pos
student789,1.0,2.0,2.0,pos
student79,1.0,9.0,9.0,pos
student790,1.0,6.0,6.0,pos
student791,2.0,1.0,11.0,neg
student792,2.0,3.0,15.0,pos
student793,,,,neg
student794,1.0,10.0,10.0,pos
student795,1.0,4.0,4.0,pos
student796,2.0,2.0,9.0,neg
student797,1.0,7.0,7.0,pos
student798,2.0,3.0,11.0,pos
student799,,,,neg
student8,2.0,4.0,7.0,pos
student80,1.0,11.0,11.0,pos
student800,1.0,12.0,12.0,pos
student801,1.0,4.0,4.0,neg
student802,1.0,7.0,7.0,neg
student803,1.0,10.0,10.0,pos
student804,1.0,4.0,4.0,pos
student805,1.0,1.0,1.0,pos
student806,1.0,12.0,12.0,pos
student807,1.0,3.0,3.0,pos
student808,1.0,10.0,10.0,pos
student809,1.0,11.0,11.0,pos
student81,1.0,11.0,11.0,pos
student810,2.0,1.0,4.0,neg
student811,1.0,3.0,3.0,neg
student812,2.0,2.0,2.0,pos
student813,1.0,7.0,7.0,neg
student814,1.0,7.0,7.0,pos
student815,,,,neg
student816,2.0,1.0,1.0,neg
student817,1.0,4.0,4.0,pos
student818,1.0,1.0,1.0,neg
student819,1.0,10.0,10.0,neg
student82,1.0,9.0,9.0,pos
student820,1.0,10.0,10.0,pos
student821,1.0,11.0,11.0,pos
student822,2.0,2.0,4.0,neg
student823,1.0,1.0,1.0,pos
student824,1.0,7.0,7.0,neg
student825,2.0,3.0,9.0,pos
student826,1.0,5.0,5.0,neg
student827,1.0,10.0,10.0,pos
student828,1.0,5.0,5.0,pos
student829,2.0,1.0,3.0,neg
student83,1.0,5.0,5.0,pos
student830,1.0,12.0,12.0,pos
student831,1.0,11.0,11.0,pos
student832,2.0,3.0,14.0,pos
student833,1.0,6.0,6.0,neg
student834,1.0,3.0,3.0,neg
student835,2.0,2.0,6.0,pos
student836,2.0,2.0,6.0,pos
student837,1.0,3.0,3.0,neg
student838,2.0,2.0,2.0,pos
student839,1.0,10.0,10.0,neg
student84,1.0,6.0,6.0,pos
student840,2.0,5.0,11.0,pos
student841,1.0,9.0,9.0,pos
student842,2.0,6.0,15.0,pos
student843,1.0,3.0,3.0,neg
student844,2.0,3.0,7.0,neg
student845,2.0,1.0,7.0,neg
student846,1.0,10.0,10.0,pos
student847,1.0,6.0,6.0,pos
student848,1.0,9.0,9.0,neg
student849,1.0,12.0,12.0,pos
student85,1.0,7.0,7.0,neg
student850,2.0,5.0,12.0,pos
student851,2.0,3.0,5.0,neg
student852,1.0,10.0,10.0,pos
student853,1.0,6.0,6.0,neg
student854,1.0,2.0,2.0,pos
student855,1.0,9.0,9.0,pos
student856,1.0,12.0,12.0,pos
student857,1.0,2.0,2.0,neg
student858,2.0,1.0,2.0,pos
student859,1.0,10.0,10.0,pos
student86,1.0,6.0,6.0,neg
student860,2.0,1.0,6.0,neg
student861,1.0,2.0,2.0,neg
student862,1.0,1.0,1.0,neg
student863,2.0,5.0,8.0,pos
student864,2.0,1.0,9.0,pos
student865,1.0,6.0,6.0,neg
student866,1.0,6.0,6.0,pos
student867,1.0,12.0,12.0,pos
student868,1.0,6.0,6.0,pos
student869,1.0,4.0,4.0,neg
student87,2.0,2.0,3.0,neg
student870,1.0,13.0,13.0,pos
student871,2.0,2.0,12.0,pos
student872,1.0,11.0,11.0,neg
student873,1.0,9.0,9.0,neg
student874,1.0,7.0,7.0,pos
student875,1.0,2.0,2.0,neg
student876,2.0,2.0,4.0,neg
student877,1.0,10.0,10.0,pos
student878,1.0,1.0,1.0,neg
student879,2.0,3.0,8.0,pos
student88,1.0,9.0,9.0,neg
student880,1.0,11.0,11.0,neg
student881,1.0,10.0,10.0,pos
student882,1.0,9.0,9.0,neg
student883,1.0,10.0,10.0,neg
student884,1.0,9.0,9.0,neg
student885,1.0,7.0,7.0,pos
student886,1.0,11.0,11.0,neg
student887,1.0,8.0,8.0,pos
student888,2.0,3.0,6.0,pos
student889,,,,neg
student89,1.0,5.0,5.0,neg
student890,2.0,6.0,10.0,pos
student891,1.0,5.0,5.0,pos
student892,1.0,6.0,6.0,neg
student893,1.0,9.0,9.0,pos
student894,1.0,15.0,15.0,pos
student895,2.0,1.0,12.0,pos
student896,1.0,10.0,10.0,pos
student897,1.0,12.0,12.0,pos
student898,1.0,7.0,7.0,neg
student899,1.0,4.0,4.0,neg
student9,1.0,2.0,2.0,pos
student90,2.0,5.0,12.0,pos
student900,2.0,2.0,3.0,neg
student901,1.0,10.0,10.0,pos
student902,1.0,4.0,4.0,pos
student903,,,,neg
student904,1.0,11.0,11.0,pos
student905,1.0,13.0,13.0,pos
student906,1.0,8.0,8.0,pos
student907,1.0,7.0,7.0,neg
student908,1.0,11.0,11.0,pos
student909,1.0,8.0,8.0,pos
student91,2.0,4.0,5.0,pos
student910,1.0,12.0,12.0,pos
student911,1.0,10.0,10.0,neg
student912,1.0,4.0,4.0,neg
student913,1.0,8.0,8.0,pos
student914,1.0,4.0,4.0,neg
student915,1.0,2.0,2.0,pos
student916,1.0,2.0,2.0,pos
student917,1.0,6.0,6.0,neg
student918,1.0,11.0,11.0,pos
student919,2.0,3.0,4.0,neg
student92,1.0,4.0,4.0,pos
student920,1.0,12.0,12.0,pos
student921,1.0,2.0,2.0,neg
student922,1.0,4.0,4.0,neg
student923,2.0,4.0,10.0,pos
student924,2.0,1.0,5.0,pos
student925,2.0,1.0,10.0,neg
student926,1.0,9.0,9.0,pos
student927,2.0,3.0,12.0,pos
student928,1.0,8.0,8.0,pos
student929,1.0,4.0,4.0,neg
student93,1.0,11.0,11.0,pos
student930,1.0,11.0,11.0,neg
student931,2.0,2.0,3.0,neg
student932,1.0,4.0,4.0,pos
student933,1.0,1.0,1.0,neg
student934,1.0,2.0,2.0,neg
student935,1.0,7.0,7.0,pos
student936,2.0,6.0,9.0,pos
student937,1.0,1.0,1.0,pos
student938,2.0,2.0,11.0,neg
student939,1.0,3.0,3.0,neg
student94,1.0,5.0,5.0,pos
student940,1.0,12.0,12.0,pos
student941,,,,neg
student942,2.0,3.0,4.0,pos
student943,1.0,7.0,7.0,pos
student944,1.0,2.0,2.0,neg
student945,1.0,12.0,12.0,pos
student946,2.0,1.0,6.0,pos
student947,1.0,9.0,9.0,pos
student948,2.0,1.0,3.0,pos
student949,1.0,12.0,12.0,pos
student95,2.0,4.0,10.0,pos
student950,1.0,7.0,7.0,pos
student951,1.0,3.0,3.0,neg
student952,1.0,2.0,2.0,pos
student953,2.0,1.0,7.0,pos
student954,2.0,3.0,4.0,neg
student955,1.0,12.0,12.0,pos
student956,1.0,5.0,5.0,pos
student957,,,,neg
student958,1.0,6.0,6.0,pos
student959,2.0,3.0,12.0,pos
student96,1.0,8.0,8.0,pos
student960,2.0,1.0,2.0,neg
student961,2.0,2.0,9.0,neg
student962,1.0,10.0,10.0,pos
student963,1.0,11.0,11.0,pos
student964,1.0,11.0,11.0,neg
student965,1.0,3.0,3.0,neg
student966,1.0,2.0,2.0,neg
student967,1.0,12.0,12.0,pos
student968,1.0,12.0,12.0,pos
student969,2.0,1.0,8.0,pos
student97,1.0,6.0,6.0,pos
student970,1.0,10.0,10.0,pos
student971,1.0,2.0,2.0,neg
student972,1.0,10.0,10.0,pos
student973,1.0,1.0,1.0,neg
student974,1.0,3.0,3.0,neg
student975,2.0,2.0,4.0,pos
student976,1.0,11.0,11.0,pos
student977,1.0,11.0,11.0,pos
student978,2.0,1.0,7.0,neg
student979,1.0,7.0,7.0,neg
student98,1.0,5.0,5.0,neg
student980,1.0,8.0,8.0,neg
student981,1.0,10.0,10.0,pos
student982,2.0,4.0,4.0,neg
student983,2.0,5.0,13.0,pos
student984,2.0,3.0,8.0,pos
student985,1.0,1.0,1.0,pos
student986,1.0,3.0,3.0,neg
student987,1.0,12.0,12.0,pos
student988,,,,neg
student989,1.0,12.0,12.0,pos
student99,1.0,9.0,9.0,pos
student990,1.0,10.0,10.0,pos
student991,2.0,2.0,4.0,neg
student992,2.0,1.0,11.0,pos
student993,1.0,6.0,6.0,pos
student994,1.0,9.0,9.0,pos
student995,2.0,3.0,9.0,neg
student996,1.0,11.0,11.0,pos
student997,1.0,10.0,10.0,neg
student998,2.0,1.0,1.0,pos
student999,1.0,4.0,4.0,pos
